<?xml version="1.0" encoding="utf-8"?>

<!--
@name     Honeypot|Journal3 Contact Form
@author   Andrii Burkatskyi, ocmod.space@gmail.com
@version  1.6.0
@link     https://www.opencart.com/index.php?route=marketplace/extension/info&extension_id=45552
@link     https://github.com/ocmod-space/ocmod-honeypot
@licence  https://raw.githubusercontent.com/ocmod-space/ocmod-honeypot/main/EULA.txt
-->

<modification>
	<name>#ocmod.space: honeypot|journal3-contact-form</name>
	<code>honeypot--journal3-contact-form</code>
	<version>1.6.0</version>
	<author>Andrii Burkatskyi</author>
	<link>https://www.opencart.com/index.php?route=marketplace/extension&amp;filter_member=ocmod.space</link>

    <file path="catalog/controller/extension/captcha/honeypot.php">
        <operation error="log">
            <search><![CDATA[$script = $this->url->link($this->mroute . '/init', 'action=' . $action, true);]]></search>
            <add position="before"><![CDATA[
				/// << honeypot|journal3-contact-form
				if (defined('JOURNAL3_INSTALLED') && $route == 'information/contact') {
					if ( strcmp(JOURNAL3_VERSION, '3.2') > 1) {
						$jroute = 'api/journal3/form';
					} elseif (strcmp(JOURNAL3_VERSION, '3.1') > 1) {
						$jroute = 'journal3/form';
					}
					$action = base64_encode($this->url->link($jroute, '', true));
				}
				/// >> honeypot|journal3-contact-form]]></add>
        </operation>
    </file>


    <file path="catalog/controller/journal3/form.php" error="ignore" info="Journal v3.1.x">
        <operation error="log">
            <search><![CDATA[$errors['agree'] = $agree_data['error'];]]></search>
            <add position="after"><![CDATA[				}
				if (isset($this->request->post['secret']) && $this->request->post['secret'] != '') {
					$errors['agree'] = $agree_data['error'];
					$this->log->write('SPAM ATTEMPTS by route: "journal3/form" from IP-address: ' . $data['ip']);]]>
			</add>
        </operation>
    </file>

    <file path="catalog/controller/api/journal3/form.php" error="ignore" info="Journal v3.2.x">
        <operation error="log">
            <search><![CDATA[$errors['agree'] = $agree_data['error'];]]></search>
            <add position="after"><![CDATA[				}
				if (isset($this->request->post['secret']) && $this->request->post['secret'] != '') {
					$errors['agree'] = $agree_data['error'];
					$this->log->write('SPAM ATTEMPTS by route: "api/journal3/form" from IP-address: ' . $data['ip']);]]>
			</add>
        </operation>
    </file>

</modification>

